GENE,Clone,Mutation
CDC6,1,Present
FN1,1,Absent
WNT10A,1,Absent
PITX2,1,Absent
EZH2,1,Absent
PRKACG,1,Absent
MAP3K8,1,Absent
DDX50,1,Absent
FOS,1,Absent
TP53,1,Absent
PIK3R3,1,Absent
CACNA2D2,1,Absent
MDC1,1,Absent
IL2RA,1,Absent
VPS33B,1,Absent
COL4A5,1,Absent
PRKDC,1,Absent
ACVR1B,1,Absent
FGF14,1,Absent
ETS2,1,Absent
DKK2,1,Absent
POLE2,1,Absent
NF1,1,Absent
CACNG4,1,Absent
CDC6,2,Present
FN1,2,Present
WNT10A,2,Present
PITX2,2,Present
EZH2,2,Present
PRKACG,2,Present
MAP3K8,2,Present
DDX50,2,Present
FOS,2,Present
TP53,2,Present
PIK3R3,2,Absent
CACNA2D2,2,Absent
MDC1,2,Absent
IL2RA,2,Absent
VPS33B,2,Absent
COL4A5,2,Absent
PRKDC,2,Absent
ACVR1B,2,Absent
FGF14,2,Absent
ETS2,2,Absent
DKK2,2,Absent
POLE2,2,Absent
NF1,2,Absent
CACNG4,2,Absent
CDC6,3,Present
FN1,3,Present
WNT10A,3,Present
PITX2,3,Present
EZH2,3,Present
PRKACG,3,Present
MAP3K8,3,Present
DDX50,3,Present
FOS,3,Present
TP53,3,Present
PIK3R3,3,Present
CACNA2D2,3,Present
MDC1,3,Present
IL2RA,3,Present
VPS33B,3,Present
COL4A5,3,Present
PRKDC,3,Absent
ACVR1B,3,Absent
FGF14,3,Absent
ETS2,3,Absent
DKK2,3,Absent
POLE2,3,Absent
NF1,3,Absent
CACNG4,3,Absent
CDC6,4,Present
FN1,4,Present
WNT10A,4,Present
PITX2,4,Present
EZH2,4,Present
PRKACG,4,Present
MAP3K8,4,Present
DDX50,4,Present
FOS,4,Present
TP53,4,Present
PIK3R3,4,Present
CACNA2D2,4,Present
MDC1,4,Present
IL2RA,4,Present
VPS33B,4,Present
COL4A5,4,Present
PRKDC,4,Present
ACVR1B,4,Present
FGF14,4,Present
ETS2,4,Present
DKK2,4,Absent
POLE2,4,Absent
NF1,4,Absent
CACNG4,4,Absent
CDC6,5,Present
FN1,5,Present
WNT10A,5,Present
PITX2,5,Present
EZH2,5,Present
PRKACG,5,Present
MAP3K8,5,Present
DDX50,5,Present
FOS,5,Present
TP53,5,Present
PIK3R3,5,Present
CACNA2D2,5,Present
MDC1,5,Present
IL2RA,5,Present
VPS33B,5,Present
COL4A5,5,Present
PRKDC,5,Present
ACVR1B,5,Present
FGF14,5,Present
ETS2,5,Present
DKK2,5,Present
POLE2,5,Absent
NF1,5,Absent
CACNG4,5,Absent
CDC6,6,Present
FN1,6,Present
WNT10A,6,Present
PITX2,6,Present
EZH2,6,Present
PRKACG,6,Present
MAP3K8,6,Present
DDX50,6,Present
FOS,6,Present
TP53,6,Present
PIK3R3,6,Present
CACNA2D2,6,Present
MDC1,6,Present
IL2RA,6,Present
VPS33B,6,Present
COL4A5,6,Present
PRKDC,6,Present
ACVR1B,6,Present
FGF14,6,Present
ETS2,6,Present
DKK2,6,Present
POLE2,6,Present
NF1,6,Absent
CACNG4,6,Absent
CDC6,7,Present
FN1,7,Present
WNT10A,7,Present
PITX2,7,Present
EZH2,7,Present
PRKACG,7,Present
MAP3K8,7,Present
DDX50,7,Present
FOS,7,Present
TP53,7,Present
PIK3R3,7,Present
CACNA2D2,7,Present
MDC1,7,Present
IL2RA,7,Present
VPS33B,7,Present
COL4A5,7,Present
PRKDC,7,Present
ACVR1B,7,Present
FGF14,7,Present
ETS2,7,Present
DKK2,7,Present
POLE2,7,Present
NF1,7,Present
CACNG4,7,Absent
CDC6,8,Present
FN1,8,Present
WNT10A,8,Present
PITX2,8,Present
EZH2,8,Present
PRKACG,8,Present
MAP3K8,8,Present
DDX50,8,Present
FOS,8,Present
TP53,8,Present
PIK3R3,8,Present
CACNA2D2,8,Present
MDC1,8,Present
IL2RA,8,Present
VPS33B,8,Present
COL4A5,8,Present
PRKDC,8,Present
ACVR1B,8,Present
FGF14,8,Present
ETS2,8,Present
DKK2,8,Present
POLE2,8,Present
NF1,8,Present
CACNG4,8,Present
