ID	CHR	POS
s0	1	33282970
s1	1	204380633
s2	8	11696163
s3	8	27667987
s4	8	42330015
s5	9	132575848
s6	9	139835525
s7	10	12257806
s8	10	35625317
s9	10	89577594
s10	10	99330735
s11	14	64518882
s12	3	112723833
s13	3	156869019
s14	3	185765298
s15	3	194991450
s16	3	196230448
s17	4	143647014
s18	4	144434622
s19	6	16305770
s20	6	34556667
s21	11	34133691
s22	11	46418028
s23	11	62415310
s24	11	68671264
s25	11	118901394
s26	12	22778316
s27	12	53461482
s28	12	123943542
s29	13	33284083
s30	13	52027500
s31	15	64455312
s32	16	28844777
s33	16	30080722
s34	16	30779795
s35	16	71496100
s36	16	71842995
s37	16	74640965
s38	17	7221483
s39	17	7578265
s40	17	27228158
s41	17	38545808
s42	17	47591517
s43	17	73703476
s44	17	74621404
s45	18	33607213
s46	19	34719797
s47	19	38697314
s48	19	39077200
s49	19	39833202
s50	19	46916701
s51	19	49128806
s52	19	58898686
s53	2	61647892
s54	2	174219585
s55	2	201438193
s56	20	34538118
s57	22	24938240
s58	22	36661420
s59	22	36737533
s60	5	54706386
s61	7	72954500
s62	7	100484521
s63	7	105190847
s64	7	152345996
s65	X	44383278
s66	X	75393475
